Broker,May,June,July,August,September,October
Presence Marketing - Northern CA,454.64,469.285,407.2,843.44,986.085,229.065
EJH - Southern CA,454.64,469.285,407.2,843.44,986.085,229.065
Horizon Marketing - South West Region,2065.515,2530.295,173.51,498.96,1115.96,729.995
Precision Sales - North East,4076.14,3125.52,1174.8,1108.99,7928.87,3235.97
Precision Sales - Mid Atlantic,1300.49,3975.3,6401.86,741.705,664.71,1150.315
Presence Marketing - RMP,979.41,1403.72,117.0,343.82,1126.63,647.89
Natures Trading - South East,1793.7799999999997,2175.9,1502.85,2069.89,3654.73,4852.870000000001
Precision Sales - North Atlantic,6.28,107.04,427.27,400.67,133.15,13.0
Mountain Sales - Northwest Region,291.31,263.55,342.49,354.4,439.99,940.39
